{
  "IcoMoonType": "selection",
  "icons": [
    {
      "icon": {
        "paths": [
          "M992.262 871.396l-242.552-206.294c-25.074-22.566-51.89-32.926-73.552-31.926 57.256-67.068 91.842-154.078 91.842-249.176 0-212.078-171.922-384-384-384-212.076 0-384 171.922-384 384s171.922 384 384 384c95.098 0 182.108-34.586 249.176-91.844-1 21.662 9.36 48.478 31.926 73.552l206.294 242.552c35.322 39.246 93.022 42.554 128.22 7.356s31.892-92.898-7.354-128.22zM384 640c-141.384 0-256-114.616-256-256s114.616-256 256-256 256 114.616 256 256-114.614 256-256 256z"
        ],
        "tags": [
          "search",
          "magnifier",
          "magnifying-glass",
          "inspect",
          "find"
        ],
        "defaultCode": 59782,
        "grid": 16,
        "attrs": []
      },
      "attrs": [],
      "properties": {
        "ligatures": "search, magnifier",
        "name": "search",
        "order": 13,
        "id": 135,
        "prevSize": 32
      },
      "setIdx": 2,
      "setId": 1,
      "iconIdx": 134
    },
    {
      "icon": {
        "paths": [
          "M192 128l640 384-640 384z"
        ],
        "tags": [
          "play",
          "player"
        ],
        "defaultCode": 59932,
        "grid": 16,
        "attrs": []
      },
      "attrs": [],
      "properties": {
        "ligatures": "play3, player8",
        "name": "play3",
        "order": 12,
        "id": 285,
        "prevSize": 32
      },
      "setIdx": 2,
      "setId": 1,
      "iconIdx": 284
    },
    {
      "icon": {
        "paths": [
          "M325.8 457.4v111.8h184.8c-7.4 48-55.8 140.6-184.8 140.6-111.2 0-202-92.2-202-205.8s90.8-205.8 202-205.8c63.4 0 105.6 27 129.8 50.2l88.4-85.2c-56.8-53-130.4-85.2-218.2-85.2-180.2 0.2-325.8 145.8-325.8 326s145.6 325.8 325.8 325.8c188 0 312.8-132.2 312.8-318.4 0-21.4-2.4-37.8-5.2-54h-307.6z",
          "M1024 448h-96v-96h-96v96h-96v96h96v96h96v-96h96z"
        ],
        "tags": [
          "google-plus",
          "brand",
          "social"
        ],
        "defaultCode": 60043,
        "grid": 16,
        "attrs": []
      },
      "attrs": [],
      "properties": {
        "ligatures": "google-plus, brand5",
        "name": "google-plus",
        "order": 3,
        "id": 396,
        "prevSize": 32
      },
      "setIdx": 2,
      "setId": 1,
      "iconIdx": 395
    },
    {
      "icon": {
        "paths": [
          "M608 192h160v-192h-160c-123.514 0-224 100.486-224 224v96h-128v192h128v512h192v-512h160l32-192h-192v-96c0-17.346 14.654-32 32-32z"
        ],
        "tags": [
          "facebook",
          "brand",
          "social"
        ],
        "defaultCode": 60048,
        "grid": 16,
        "attrs": []
      },
      "attrs": [],
      "properties": {
        "ligatures": "facebook, brand10",
        "name": "facebook",
        "order": 6,
        "id": 401,
        "prevSize": 32
      },
      "setIdx": 2,
      "setId": 1,
      "iconIdx": 400
    },
    {
      "icon": {
        "paths": [
          "M512 92.2c136.8 0 153 0.6 206.8 3 50 2.2 77 10.6 95 17.6 23.8 9.2 41 20.4 58.8 38.2 18 18 29 35 38.4 58.8 7 18 15.4 45.2 17.6 95 2.4 54 3 70.2 3 206.8s-0.6 153-3 206.8c-2.2 50-10.6 77-17.6 95-9.2 23.8-20.4 41-38.2 58.8-18 18-35 29-58.8 38.4-18 7-45.2 15.4-95 17.6-54 2.4-70.2 3-206.8 3s-153-0.6-206.8-3c-50-2.2-77-10.6-95-17.6-23.8-9.2-41-20.4-58.8-38.2-18-18-29-35-38.4-58.8-7-18-15.4-45.2-17.6-95-2.4-54-3-70.2-3-206.8s0.6-153 3-206.8c2.2-50 10.6-77 17.6-95 9.2-23.8 20.4-41 38.2-58.8 18-18 35-29 58.8-38.4 18-7 45.2-15.4 95-17.6 53.8-2.4 70-3 206.8-3zM512 0c-139 0-156.4 0.6-211 3-54.4 2.4-91.8 11.2-124.2 23.8-33.8 13.2-62.4 30.6-90.8 59.2-28.6 28.4-46 57-59.2 90.6-12.6 32.6-21.4 69.8-23.8 124.2-2.4 54.8-3 72.2-3 211.2s0.6 156.4 3 211c2.4 54.4 11.2 91.8 23.8 124.2 13.2 33.8 30.6 62.4 59.2 90.8 28.4 28.4 57 46 90.6 59 32.6 12.6 69.8 21.4 124.2 23.8 54.6 2.4 72 3 211 3s156.4-0.6 211-3c54.4-2.4 91.8-11.2 124.2-23.8 33.6-13 62.2-30.6 90.6-59s46-57 59-90.6c12.6-32.6 21.4-69.8 23.8-124.2 2.4-54.6 3-72 3-211s-0.6-156.4-3-211c-2.4-54.4-11.2-91.8-23.8-124.2-12.6-34-30-62.6-58.6-91-28.4-28.4-57-46-90.6-59-32.6-12.6-69.8-21.4-124.2-23.8-54.8-2.6-72.2-3.2-211.2-3.2v0z",
          "M512 249c-145.2 0-263 117.8-263 263s117.8 263 263 263 263-117.8 263-263c0-145.2-117.8-263-263-263zM512 682.6c-94.2 0-170.6-76.4-170.6-170.6s76.4-170.6 170.6-170.6c94.2 0 170.6 76.4 170.6 170.6s-76.4 170.6-170.6 170.6z",
          "M846.8 238.6c0 33.91-27.49 61.4-61.4 61.4s-61.4-27.49-61.4-61.4c0-33.91 27.49-61.4 61.4-61.4s61.4 27.49 61.4 61.4z"
        ],
        "tags": [
          "instagram",
          "brand",
          "social"
        ],
        "defaultCode": 60050,
        "grid": 16,
        "attrs": []
      },
      "attrs": [],
      "properties": {
        "ligatures": "instagram, brand12",
        "name": "instagram",
        "order": 7,
        "id": 403,
        "prevSize": 32
      },
      "setIdx": 2,
      "setId": 1,
      "iconIdx": 402
    },
    {
      "icon": {
        "paths": [
          "M1024 226.4c-37.6 16.8-78.2 28-120.6 33 43.4-26 76.6-67.2 92.4-116.2-40.6 24-85.6 41.6-133.4 51-38.4-40.8-93-66.2-153.4-66.2-116 0-210 94-210 210 0 16.4 1.8 32.4 5.4 47.8-174.6-8.8-329.4-92.4-433-219.6-18 31-28.4 67.2-28.4 105.6 0 72.8 37 137.2 93.4 174.8-34.4-1-66.8-10.6-95.2-26.2 0 0.8 0 1.8 0 2.6 0 101.8 72.4 186.8 168.6 206-17.6 4.8-36.2 7.4-55.4 7.4-13.6 0-26.6-1.4-39.6-3.8 26.8 83.4 104.4 144.2 196.2 146-72 56.4-162.4 90-261 90-17 0-33.6-1-50.2-3 93.2 59.8 203.6 94.4 322.2 94.4 386.4 0 597.8-320.2 597.8-597.8 0-9.2-0.2-18.2-0.6-27.2 41-29.4 76.6-66.4 104.8-108.6z"
        ],
        "tags": [
          "twitter",
          "brand",
          "tweet",
          "social"
        ],
        "defaultCode": 60054,
        "grid": 16,
        "attrs": []
      },
      "attrs": [],
      "properties": {
        "ligatures": "twitter, brand16",
        "name": "twitter",
        "order": 2,
        "id": 407,
        "prevSize": 32
      },
      "setIdx": 2,
      "setId": 1,
      "iconIdx": 406
    },
    {
      "icon": {
        "paths": [
          "M1013.8 307.2c0 0-10-70.6-40.8-101.6-39-40.8-82.6-41-102.6-43.4-143.2-10.4-358.2-10.4-358.2-10.4h-0.4c0 0-215 0-358.2 10.4-20 2.4-63.6 2.6-102.6 43.4-30.8 31-40.6 101.6-40.6 101.6s-10.2 82.8-10.2 165.8v77.6c0 82.8 10.2 165.8 10.2 165.8s10 70.6 40.6 101.6c39 40.8 90.2 39.4 113 43.8 82 7.8 348.2 10.2 348.2 10.2s215.2-0.4 358.4-10.6c20-2.4 63.6-2.6 102.6-43.4 30.8-31 40.8-101.6 40.8-101.6s10.2-82.8 10.2-165.8v-77.6c-0.2-82.8-10.4-165.8-10.4-165.8zM406.2 644.8v-287.8l276.6 144.4-276.6 143.4z"
        ],
        "tags": [
          "youtube",
          "brand",
          "social"
        ],
        "defaultCode": 60061,
        "grid": 16,
        "attrs": []
      },
      "attrs": [],
      "properties": {
        "ligatures": "youtube, brand21",
        "name": "youtube",
        "order": 4,
        "id": 414,
        "prevSize": 32
      },
      "setIdx": 2,
      "setId": 1,
      "iconIdx": 413
    },
    {
      "icon": {
        "paths": [
          "M791.498 544.092c-1.294-129.682 105.758-191.876 110.542-194.966-60.152-88.020-153.85-100.078-187.242-101.472-79.742-8.074-155.596 46.948-196.066 46.948-40.368 0-102.818-45.754-168.952-44.552-86.916 1.292-167.058 50.538-211.812 128.38-90.304 156.698-23.126 388.84 64.89 515.926 43.008 62.204 94.292 132.076 161.626 129.58 64.842-2.588 89.362-41.958 167.756-41.958s100.428 41.958 169.050 40.67c69.774-1.296 113.982-63.398 156.692-125.796 49.39-72.168 69.726-142.038 70.924-145.626-1.548-0.706-136.060-52.236-137.408-207.134zM662.562 163.522c35.738-43.358 59.86-103.512 53.28-163.522-51.478 2.096-113.878 34.29-150.81 77.55-33.142 38.376-62.148 99.626-54.374 158.436 57.466 4.484 116.128-29.204 151.904-72.464z"
        ],
        "tags": [
          "apple",
          "brand"
        ],
        "defaultCode": 60094,
        "grid": 16,
        "attrs": []
      },
      "attrs": [],
      "properties": {
        "ligatures": "apple, brand53",
        "name": "appleinc",
        "order": 10,
        "id": 447,
        "prevSize": 32
      },
      "setIdx": 2,
      "setId": 1,
      "iconIdx": 446
    },
    {
      "icon": {
        "paths": [
          "M896 384c-35.2 0-64 28.8-64 64v256c0 35.2 28.8 64 64 64s64-28.8 64-64v-256c0-35.2-28.8-64-64-64zM128 384c-35.2 0-64 28.8-64 64v256c0 35.2 28.8 64 64 64s64-28.8 64-64v-256c0-35.2-28.802-64-64-64zM224 736c0 53.020 42.98 96 96 96v0 128c0 35.2 28.8 64 64 64s64-28.8 64-64v-128h128v128c0 35.2 28.8 64 64 64s64-28.8 64-64v-128c53.020 0 96-42.98 96-96v-352h-576v352z",
          "M798.216 320.002c-9.716-87.884-59.004-163.792-129.62-209.646l32.024-64.046c7.904-15.806 1.496-35.028-14.31-42.932s-35.030-1.496-42.932 14.312l-32.142 64.286-8.35-3.316c-28.568-9.502-59.122-14.66-90.886-14.66-31.762 0-62.316 5.158-90.888 14.656l-8.348 3.316-32.142-64.282c-7.904-15.808-27.128-22.212-42.932-14.312-15.808 7.904-22.214 27.126-14.312 42.932l32.022 64.046c-70.616 45.852-119.904 121.762-129.622 209.644v32h574.222v-31.998h-1.784zM416 256c-17.674 0-32-14.328-32-32 0-17.648 14.288-31.958 31.93-31.996 0.032 0 0.062 0.002 0.094 0.002 0.018 0 0.036-0.002 0.052-0.002 17.638 0.042 31.924 14.35 31.924 31.996 0 17.672-14.326 32-32 32zM608 256c-17.674 0-32-14.328-32-32 0-17.646 14.286-31.954 31.924-31.996 0.016 0 0.034 0.002 0.050 0.002 0.032 0 0.064-0.002 0.096-0.002 17.64 0.038 31.93 14.348 31.93 31.996 0 17.672-14.326 32-32 32z"
        ],
        "tags": [
          "android",
          "brand",
          "os",
          "mobile"
        ],
        "defaultCode": 60096,
        "grid": 16,
        "attrs": []
      },
      "attrs": [],
      "properties": {
        "ligatures": "android, brand55",
        "name": "android",
        "order": 11,
        "id": 449,
        "prevSize": 32
      },
      "setIdx": 2,
      "setId": 1,
      "iconIdx": 448
    },
    {
      "icon": {
        "paths": [
          "M512 68.4c-245 0-443.6 198.6-443.6 443.6 0 188 117 348.4 282 413-3.8-35-7.4-89 1.6-127.2 8-34.6 52-220.4 52-220.4s-13.2-26.6-13.2-65.8c0-61.6 35.8-107.8 80.2-107.8 37.8 0 56.2 28.4 56.2 62.4 0 38-24.2 95-36.8 147.6-10.6 44.2 22 80.2 65.6 80.2 78.8 0 139.4-83.2 139.4-203.2 0-106.2-76.4-180.4-185.2-180.4-126.2 0-200.2 94.6-200.2 192.6 0 38.2 14.6 79 33 101.2 3.6 4.4 4.2 8.2 3 12.8-3.4 14-10.8 44.2-12.4 50.4-2 8.2-6.4 9.8-14.8 6-55.4-25.8-90-106.8-90-171.8 0-140 101.6-268.4 293-268.4 153.8 0 273.4 109.6 273.4 256.2 0 152.8-96.4 276-230.2 276-45 0-87.2-23.4-101.6-51 0 0-22.2 84.6-27.6 105.4-10 38.6-37 86.8-55.2 116.2 41.6 12.8 85.6 19.8 131.4 19.8 245 0 443.6-198.6 443.6-443.6 0-245.2-198.6-443.8-443.6-443.8z"
        ],
        "tags": [
          "pinterest",
          "brand",
          "social"
        ],
        "defaultCode": 60113,
        "grid": 16,
        "attrs": []
      },
      "attrs": [],
      "properties": {
        "name": "pinterest",
        "ligatures": "pinterest, brand72",
        "order": 8,
        "id": 466,
        "prevSize": 32
      },
      "setIdx": 2,
      "setId": 1,
      "iconIdx": 465
    }
  ],
  "height": 1024,
  "preferences": {
    "showGlyphs": true,
    "showQuickUse": true,
    "showQuickUse2": true,
    "showSVGs": true,
    "fontPref": {
      "prefix": "icon-",
      "metadata": {
        "fontFamily": "icomoon"
      },
      "metrics": {
        "emSize": 1024,
        "baseline": 6.25,
        "whitespace": 50
      },
      "embed": false
    },
    "imagePref": {
      "prefix": "icon-",
      "png": false,
      "useClassSelector": true,
      "color": 0,
      "bgColor": 16777215,
      "classSelector": ".icon",
      "name": "icomoon",
      "height": 32,
      "columns": 16,
      "margin": 16
    },
    "historySize": 50,
    "showCodes": true,
    "gridSize": 16
  }
}